t,rms
0.002,0.003091
0.033,0.00288
0.048,0.002741
0.079,0.003008
0.095,0.003081
0.111,0.002561
0.126,0.002693
0.158,0.003353
0.173,0.0033
0.19,0.003279
0.22,0.002943
0.221,0.002602
0.251,0.002472
0.266,0.002974
0.298,0.003121
0.313,0.003351
0.329,0.003387
0.36,0.003174
0.361,0.002986
0.391,0.003193
0.406,0.002829
0.438,0.002433
0.455,0.00274
0.47,0.003376
0.486,0.003355
0.518,0.002811
0.532,0.002813
0.548,0.002602
0.58,0.003008
0.595,0.00341
0.61,0.003033
0.625,0.003053
0.657,0.003275
0.673,0.003029
0.687,0.003148
0.719,0.00325
0.734,0.002873
0.75,0.003302
0.78,0.003263
0.781,0.003152
0.812,0.0034
0.827,0.002943
0.858,0.002447
0.874,0.00256
0.89,0.002806
0.92,0.003053
0.921,0.002675
0.952,0.002879
0.967,0.003248
0.998,0.003429
1.014,0.003532
1.029,0.003422
1.061,0.003129
1.061,0.003807
1.091,0.004011
1.106,0.003224
1.137,0.003236
1.152,0.003191
1.168,0.003006
1.199,0.003507
1.215,0.003285
1.231,0.003329
1.245,0.003329
1.276,0.003401
1.292,0.003266
1.307,0.003542
1.338,0.00338
1.354,0.003221
1.37,0.003715
1.402,0.003403
1.402,0.003333
1.433,0.003279
1.449,0.002915
1.48,0.002636
1.495,0.003236
1.511,0.002928
1.527,0.003407
1.557,0.00444
1.572,0.003544
1.588,0.003166
1.619,0.003234
1.636,0.002714
1.651,0.002976
1.668,0.00315
1.699,0.003052
1.715,0.003494
1.73,0.002832
1.746,0.002689
1.778,0.003073
1.793,0.002969
1.81,0.00346
1.841,0.003679
1.841,0.003436
1.872,0.002805
1.887,0.002876
1.917,0.002761
1.933,0.002913
1.949,0.002929
1.98,0.002707
1.996,0.002934
2.012,0.002707
2.027,0.002348
2.058,0.002364
2.073,0.002836
2.089,0.00341
2.12,0.002992
2.136,0.003179
2.151,0.002924
2.167,0.003271
2.198,0.002574
2.213,0.002831
2.228,0.003199
2.26,0.003517
2.276,0.004027
2.291,0.003754
2.307,0.003202
2.338,0.003024
2.354,0.002894
2.369,0.002916
2.399,0.002907
2.414,0.003032
2.43,0.003148
2.446,0.003155
2.477,0.003129
2.492,0.003602
2.508,0.0037
2.539,0.002936
2.554,0.003029
2.571,0.003383
2.586,0.004202
2.618,0.004063
2.633,0.003676
2.65,0.003417
2.68,0.003606
2.68,0.003292
2.711,0.003683
2.726,0.00393
2.757,0.003691
2.772,0.003643
2.788,0.003409
2.819,0.003833
2.835,0.003727
2.851,0.003245
2.867,0.003274
2.897,0.003143
2.914,0.002705
2.93,0.002815
2.961,0.003361
2.961,0.003055
2.992,0.003328
3.008,0.003605
3.038,0.003707
3.054,0.003632
3.07,0.003186
3.1,0.003331
3.116,0.003507
3.132,0.00366
3.147,0.003771
3.178,0.003437
3.194,0.003349
3.209,0.003269
3.24,0.003385
3.255,0.003791
3.271,0.003449
3.286,0.002967
3.318,0.003791
3.334,0.005957
3.349,0.005493
3.381,0.004655
3.381,0.007265
3.412,0.006792
3.427,0.006928
3.458,0.008424
3.474,0.005114
3.489,0.003546
3.521,0.00357
3.522,0.004721
3.552,0.005289
3.567,0.003732
3.598,0.003932
3.613,0.004086
3.63,0.003686
3.661,0.003745
3.661,0.00356
3.692,0.004404
3.707,0.004373
3.738,0.003511
3.753,0.003278
3.769,0.003089
3.799,0.003545
3.815,0.003858
3.83,0.003904
3.846,0.003927
3.877,0.003872
3.893,0.003475
3.909,0.003154
3.941,0.003492
3.941,0.003233
3.973,0.003276
3.989,0.003831
4.021,0.00422
4.021,0.004525
4.051,0.004829
4.067,0.004392
4.098,0.00534
4.113,0.005679
4.128,0.004688
4.161,0.006936
4.161,0.008251
4.191,0.006887
4.207,0.008662
4.239,0.005267
4.254,0.00375
4.269,0.003797
4.301,0.003783
4.301,0.005545
4.332,0.003501
4.347,0.003279
4.379,0.0038
4.395,0.003251
4.411,0.003033
4.426,0.002977
4.457,0.003536
4.472,0.005308
4.488,0.004652
4.519,0.003371
4.535,0.003115
4.551,0.003102
4.567,0.003044
4.598,0.003424
4.613,0.003647
4.63,0.003807
4.66,0.003736
4.66,0.00325
4.691,0.003325
4.707,0.002977
4.738,0.003107
4.753,0.003349
4.769,0.003271
4.8,0.003373
4.816,0.003576
4.831,0.00387
4.846,0.007831
4.876,0.009764
4.892,0.009705
4.907,0.013249
4.939,0.0099
4.955,0.007316
4.97,0.008556
4.985,0.008482
5.016,0.008159
5.032,0.007185
5.048,0.008122
5.08,0.007813
5.095,0.010054
5.111,0.0105
5.127,0.007351
5.159,0.010254
5.174,0.006169
5.19,0.006773
5.22,0.007294
5.221,0.008334
5.251,0.00755
5.267,0.008068
5.299,0.00914
5.315,0.010106
5.331,0.008538
5.346,0.006175
5.378,0.005406
5.394,0.006807
5.409,0.005941
5.44,0.006292
5.44,0.006474
5.472,0.008288
5.488,0.005773
5.519,0.006023
5.534,0.005772
5.549,0.007248
5.581,0.006938
5.581,0.006426
5.612,0.004611
5.627,0.004334
5.659,0.004748
5.674,0.00482
5.689,0.00473
5.721,0.007164
5.722,0.005661
5.752,0.007502
5.767,0.006045
5.799,0.004865
5.814,0.00433
5.831,0.005736
5.846,0.007385
5.878,0.006981
5.894,0.0056
5.909,0.005144
5.94,0.005799
5.956,0.004754
5.972,0.006328
5.988,0.006356
6.018,0.005539
6.034,0.005675
6.048,0.004177
6.08,0.005002
6.096,0.00468
6.11,0.005069
6.126,0.006086
6.158,0.005507
6.173,0.004414
6.188,0.005008
6.219,0.005467
6.235,0.005677
6.25,0.00447
6.266,0.006254
6.297,0.005921
6.313,0.005797
6.328,0.004296
6.36,0.004841
6.361,0.005814
6.391,0.004381
6.406,0.005587
6.438,0.004218
6.454,0.00598
6.469,0.004432
6.5,0.004779
6.515,0.004676
6.531,0.00469
6.547,0.003848
6.579,0.003844
6.595,0.003777
6.61,0.003677
6.626,0.004391
6.657,0.005222
6.673,0.003895
6.688,0.00443
6.719,0.004532
6.734,0.004173
6.749,0.004887
6.781,0.003939
6.781,0.004939
6.813,0.004511
6.828,0.004603
6.859,0.004828
6.874,0.004616
6.889,0.004413
6.919,0.004656
6.935,0.004314
6.951,0.003962
6.966,0.004074
6.996,0.004441
7.012,0.003906
7.027,0.00367
7.057,0.003808
7.073,0.003832
7.089,0.003149
7.12,0.003462
7.121,0.003318
7.151,0.003408
7.167,0.003707
7.199,0.003797
7.215,0.004051
7.231,0.003449
7.246,0.003464
7.278,0.003362
7.294,0.003366
7.309,0.003867
7.34,0.004017
7.341,0.003844
7.372,0.004073
7.386,0.004091
7.418,0.003963
7.434,0.004587
7.449,0.004534
7.48,0.004251
7.481,0.004587
7.511,0.004828
7.527,0.00436
7.558,0.004083
7.573,0.003622
7.589,0.003798
7.621,0.004081
7.621,0.0035
7.653,0.003508
7.669,0.003201
7.7,0.003603
7.701,0.003945
7.731,0.003486
7.747,0.00362
7.778,0.003059
7.794,0.002943
7.809,0.002587
7.841,0.002818
7.841,0.002444
7.872,0.00231
7.887,0.002886
7.919,0.002558
7.934,0.002589
7.949,0.003663
7.981,0.004138
7.981,0.003168
8.012,0.003976
8.028,0.00338
8.059,0.00332
8.074,0.003135
8.089,0.003793
8.12,0.004102
8.121,0.003546
8.151,0.004046
8.167,0.003746
8.199,0.003107
8.215,0.003045
8.231,0.003919
8.246,0.00356
8.278,0.003119
8.293,0.003576
8.31,0.002953
8.34,0.003241
8.341,0.003131
8.371,0.002839
8.387,0.003338
8.417,0.003337
8.433,0.003738
8.449,0.003534
8.479,0.003822
8.495,0.003696
8.511,0.003506
8.527,0.003111
8.558,0.003602
8.574,0.003014
8.589,0.002644
8.619,0.003477
8.635,0.003364
8.65,0.0033
8.666,0.00291
8.696,0.003311
8.712,0.003178
8.727,0.003231
8.759,0.003425
8.775,0.003409
8.791,0.00357
8.806,0.003757
8.838,0.003838
8.854,0.003225
8.869,0.00396
8.899,0.004323
8.915,0.004084
8.93,0.003706
8.946,0.004407
8.976,0.004722
8.993,0.003784
9.008,0.004128
9.039,0.003968
9.055,0.004594
9.071,0.003825
9.087,0.004018
9.118,0.003893
9.134,0.003767
9.149,0.004009
9.181,0.003833
9.181,0.004026
9.212,0.004233
9.227,0.004132
9.258,0.003646
9.274,0.004015
9.289,0.004558
9.321,0.004384
9.321,0.004529
9.352,0.003808
9.367,0.003674
9.398,0.003822
9.413,0.004095
9.428,0.004168
9.459,0.00398
9.475,0.004349
9.491,0.004767
9.507,0.004635
9.539,0.004225
9.555,0.00365
9.57,0.003536
9.586,0.003337
9.618,0.003272
9.634,0.003493
9.649,0.003646
9.68,0.003714
9.681,0.004627
9.711,0.004685
9.727,0.004518
9.759,0.004076
9.775,0.004297
9.79,0.003982
9.821,0.003879
9.821,0.004268
9.853,0.003979
9.868,0.004252
9.899,0.003987
9.915,0.003506
9.93,0.003438
9.946,0.003642
9.977,0.003234
9.994,0.002861
10.009,0.003294
10.04,0.003686
10.041,0.003235
10.072,0.002815
10.087,0.003212
10.119,0.003614
10.135,0.00302
10.15,0.003907
10.166,0.003347
10.196,0.003123
10.211,0.003542
10.227,0.002627
10.258,0.002507
10.274,0.003556
10.289,0.003115
10.321,0.00315
10.321,0.003251
10.352,0.003364
10.368,0.003192
10.4,0.003247
10.401,0.003034
10.432,0.003525
10.448,0.00331
10.48,0.003229
10.495,0.003533
10.51,0.003705
10.526,0.003403
10.557,0.003535
10.573,0.003135
10.589,0.003504
10.62,0.003789
10.635,0.003726
10.651,0.003468
10.667,0.003312
10.698,0.003211
10.714,0.003397
10.729,0.003382
10.76,0.003395
10.761,0.002828
10.791,0.002837
10.808,0.002882
10.838,0.003185
10.854,0.003299
10.87,0.002934
10.886,0.00327
10.918,0.003629
10.932,0.003097
10.948,0.002774
10.979,0.003535
10.994,0.003712
11.01,0.003826
11.026,0.003113
11.056,0.003338
11.072,0.003601
11.088,0.002772
11.119,0.002717
11.135,0.003061
11.151,0.003445
11.166,0.003367
11.198,0.003084
11.213,0.002975
11.229,0.004097
11.261,0.003937
11.261,0.004472
11.293,0.003734
11.309,0.00659
11.341,0.009895
11.341,0.010265
11.371,0.011977
11.387,0.008472
11.418,0.006505
11.434,0.00653
11.449,0.006345
11.481,0.005592
11.481,0.007591
11.512,0.010421
11.528,0.006537
11.56,0.004976
11.56,0.004141
11.591,0.003918
11.606,0.003314
11.637,0.002505
11.653,0.002793
11.669,0.002319
11.7,0.002444
11.716,0.002298
11.732,0.002434
11.748,0.002229
11.779,0.002174
11.795,0.002063
11.81,0.00162
11.826,0.00243
11.858,0.002008
11.873,0.002064
11.889,0.001906
11.919,0.001547
11.935,0.001723
11.95,0.001666
11.966,0.001287
11.997,0.001275
12.013,0.001497
12.028,0.001508
12.059,0.001518
12.075,0.001349
12.09,0.001406
12.106,0.001403
12.136,0.00148
12.151,0.001338
12.167,0.001277
12.198,0.001359
12.214,0.001569
12.23,0.001377
12.246,0.001194
12.277,0.001145
12.293,0.001001
12.308,0.001012
12.339,0.001175
12.354,0.001498
12.371,0.001073
12.386,0.001281
12.416,0.000999
12.431,0.001254
12.447,0.001201
12.478,0.001306
12.493,0.001283
12.509,0.001389
12.541,0.001351
12.541,0.001368
12.572,0.001328
12.587,0.001112
12.618,0.001434
12.635,0.001492
12.65,0.001063
12.667,0.00134
12.697,0.000985
12.713,0.000928
12.729,0.001252
12.761,0.001065
12.761,0.001265
12.791,0.001187
12.807,0.001058
12.838,0.000895
12.855,0.000805
12.87,0.001007
12.885,0.000964
12.917,0.000815
12.932,0.000924
12.947,0.000923
12.977,0.001449
12.993,0.001161
13.008,0.000992
13.039,0.00109
13.054,0.001112
13.07,0.001072
13.086,0.001384
13.116,0.001186
13.132,0.001031
13.148,0.001023
13.179,0.001103
13.195,0.001224
13.21,0.00155
13.225,0.001178
13.258,0.001351
13.274,0.003636
13.289,0.004642
13.32,0.004124
13.32,0.004847
13.351,0.006412
13.366,0.005437
13.398,0.009772
13.412,0.004791
13.428,0.002713
13.459,0.002136
13.475,0.002521
13.49,0.004763
13.506,0.003614
13.537,0.002395
13.553,0.002872
13.569,0.003485
13.601,0.002206
13.601,0.001909
13.632,0.002155
13.648,0.003534
13.679,0.004182
13.695,0.002153
13.711,0.001722
13.726,0.001604
13.758,0.001931
13.773,0.00246
13.789,0.002096
13.821,0.001644
13.822,0.001408
13.853,0.001665
13.869,0.001569
13.9,0.00155
13.9,0.001627
13.932,0.001672
13.948,0.001729
13.979,0.002038
13.996,0.001862
14.012,0.001835
14.027,0.003274
14.059,0.008358
14.075,0.008497
14.091,0.009564
14.106,0.009909
14.137,0.010361
14.152,0.010228
14.168,0.00792
14.199,0.010421
14.215,0.009518
14.23,0.006005
14.246,0.007651
14.277,0.00742
14.292,0.00669
14.307,0.010787
14.339,0.00961
14.355,0.010663
14.371,0.006334
14.386,0.007126
14.417,0.006807
14.433,0.00735
14.449,0.007424
14.48,0.00675
14.48,0.006508
14.511,0.010494
14.527,0.008515
14.559,0.005972
14.575,0.00441
14.59,0.005943
14.606,0.004854
14.638,0.005424
14.654,0.005771
14.669,0.008726
14.701,0.006686
14.701,0.006058
14.733,0.006947
14.748,0.007438
14.779,0.005609
14.795,0.007886
14.811,0.004913
14.825,0.005828
14.856,0.005467
14.871,0.004945
14.887,0.005397
14.918,0.006923
14.934,0.004981
14.95,0.0073
14.966,0.006361
14.996,0.005611
15.012,0.005206
15.027,0.005267
15.058,0.007144
15.074,0.00698
15.089,0.005754
15.121,0.004857
15.121,0.006023
15.152,0.005694
15.168,0.006404
15.199,0.005988
15.214,0.005778
15.231,0.00623
15.246,0.004109
15.279,0.005322
15.295,0.004748
15.31,0.004479
15.326,0.005112
15.358,0.005101
15.373,0.004604
15.389,0.005952
15.421,0.005172
15.421,0.005855
15.452,0.005737
15.468,0.006122
15.499,0.00553
15.515,0.005788
15.53,0.004978
15.547,0.00492
15.579,0.006101
15.595,0.004114
15.61,0.004988
15.626,0.004426
15.657,0.00508
15.672,0.004392
15.688,0.004232
15.719,0.004654
15.734,0.005049
15.751,0.003964
15.767,0.004628
15.799,0.003937
15.814,0.003646
15.829,0.004392
15.861,0.004752
15.861,0.004233
15.891,0.004641
15.906,0.004225
15.939,0.00399
15.94,0.00368
15.97,0.004155
15.985,0.004233
16.017,0.003697
16.033,0.003809
16.049,0.004775
16.081,0.005474
16.081,0.004202
16.112,0.00498
16.128,0.004485
16.159,0.004497
16.175,0.004781
16.19,0.004422
16.206,0.005238
16.237,0.004675
16.252,0.003859
16.269,0.003852
16.3,0.003583
16.301,0.003754
16.331,0.003459
16.347,0.003715
16.378,0.005395
16.394,0.006109
16.41,0.00454
16.426,0.004329
16.457,0.004118
16.473,0.004113
16.489,0.003986
16.52,0.003984
16.521,0.003965
16.552,0.004055
16.567,0.003976
16.599,0.003846
16.614,0.004066
16.63,0.003681
16.645,0.003369
16.676,0.004359
16.691,0.003947
16.707,0.004621
16.739,0.004476
16.755,0.003302
16.771,0.00318
16.786,0.00289
16.817,0.003293
16.833,0.003397
16.848,0.003805
16.879,0.003417
16.894,0.003109
16.91,0.003516
16.926,0.003386
16.957,0.003308
16.972,0.003373
16.988,0.003087
17.02,0.003455
17.02,0.003546
17.05,0.003508
17.066,0.003389
17.097,0.003423
17.113,0.003545
17.129,0.003412
17.16,0.003687
17.16,0.004299
17.191,0.003917
17.206,0.003735
17.237,0.003415
17.252,0.002986
17.268,0.003541
17.298,0.003464
17.313,0.004495
17.329,0.003769
17.36,0.004376
17.361,0.003361
17.392,0.002979
17.407,0.002981
17.439,0.003782
17.456,0.003571
17.472,0.003161
17.488,0.00321
17.519,0.003131
17.534,0.003424
17.55,0.003133
17.565,0.003402
17.596,0.00345
17.612,0.002875
17.628,0.003504
17.659,0.003033
17.675,0.007731
17.691,0.011949
17.706,0.01193
17.737,0.010763
17.753,0.008614
17.768,0.006323
17.8,0.009133
17.801,0.006728
17.832,0.007431
17.849,0.008573
17.879,0.010288
17.894,0.006244
17.91,0.006838
17.926,0.003739
17.957,0.004174
17.973,0.004127
17.989,0.002879
18.02,0.003185
18.02,0.003248
18.053,0.003711
18.069,0.003701
18.1,0.003577
18.101,0.002456
18.131,0.002136
18.147,0.002494
18.178,0.002779
18.193,0.001953
18.209,0.001681
18.241,0.002145
18.241,0.001728
18.272,0.001807
18.287,0.00161
18.318,0.001564
18.333,0.002151
18.349,0.002127
18.38,0.002267
18.38,0.002012
18.411,0.001933
18.427,0.002143
18.459,0.002063
18.475,0.001707
18.49,0.001647
18.506,0.001813
18.537,0.00156
18.552,0.00147
18.568,0.001275
18.599,0.001646
18.615,0.001304
18.63,0.00112
18.646,0.001418
18.676,0.001352
18.692,0.001473
18.708,0.001202
18.738,0.001951
18.754,0.001705
18.769,0.001266
18.8,0.001164
18.8,0.002597
18.832,0.004431
18.847,0.004227
18.879,0.003642
18.894,0.006848
18.911,0.005675
18.926,0.006415
18.957,0.00789
18.972,0.003735
18.988,0.002314
19.019,0.002344
19.035,0.004176
19.05,0.004065
19.065,0.002675
19.097,0.002259
19.112,0.002712
19.128,0.002121
19.159,0.001782
19.175,0.001825
19.191,0.002786
19.207,0.002961
19.238,0.002135
19.254,0.001186
19.269,0.001499
19.3,0.00145
19.3,0.001445
19.331,0.001472
19.346,0.001371
19.378,0.00104
19.393,0.001089
19.408,0.001357
19.44,0.00128
19.44,0.001433
19.471,0.007146
19.487,0.008269
19.519,0.008667
19.535,0.01228
19.551,0.009113
19.566,0.006826
19.598,0.007141
19.613,0.008522
19.629,0.007461
19.66,0.006868
19.66,0.008183
19.691,0.007258
19.707,0.007555
19.739,0.010451
19.754,0.008528
19.77,0.010608
19.786,0.005976
19.817,0.006982
19.833,0.005762
19.849,0.00692
19.88,0.006848
19.88,0.007199
19.911,0.005983
19.926,0.011266
19.958,0.008933
19.973,0.005166
19.988,0.004166
20.019,0.005736
20.035,0.004924
20.05,0.005435
20.066,0.0058
20.097,0.007873
20.112,0.00528
20.128,0.006348
20.16,0.005484
20.16,0.006614
20.191,0.005788
20.206,0.00564
20.238,0.004546
20.254,0.004388
20.269,0.00472
20.301,0.004271
20.302,0.004164
20.332,0.006676
20.348,0.003509
20.379,0.006623
20.394,0.00583
20.41,0.00395
20.426,0.003303
20.457,0.004364
20.472,0.007199
20.487,0.006242
20.519,0.005019
20.534,0.004136
20.55,0.005316
20.565,0.004626
20.596,0.005609
20.612,0.004786
20.628,0.005421
20.659,0.005123
20.674,0.004261
20.69,0.003912
20.705,0.003891
20.737,0.003713
20.753,0.004524
20.769,0.005058
20.8,0.004407
20.8,0.004651
20.831,0.003568
20.846,0.004649
20.878,0.004221
20.893,0.005163
20.909,0.005087
20.941,0.005403
20.941,0.004064
20.972,0.003695
20.988,0.004734
21.019,0.003513
21.034,0.004898
21.05,0.003645
21.066,0.004414
21.096,0.004583
21.112,0.003702
21.128,0.004215
21.158,0.00432
21.174,0.004113
21.189,0.003518
21.22,0.003337
21.22,0.003244
21.251,0.003451
21.266,0.004061
21.297,0.003988
21.313,0.004192
21.328,0.003613
21.359,0.003307
21.374,0.003592
21.39,0.003248
21.406,0.00347
21.437,0.003222
21.453,0.003039
21.469,0.003474
21.5,0.005215
21.5,0.003451
21.53,0.003488
21.546,0.003406
21.577,0.003289
21.592,0.003742
21.608,0.003584
21.639,0.003604
21.655,0.003285
21.671,0.002856
21.687,0.003219
21.719,0.00287
21.734,0.002968
21.75,0.002684
21.765,0.002913
21.796,0.002723
21.811,0.003461
21.827,0.003707
21.857,0.00316
21.873,0.002303
21.889,0.002699
21.92,0.002452
21.92,0.002943
21.95,0.002464
21.966,0.002771
21.997,0.002936
22.012,0.002574
22.028,0.002804
22.059,0.002621
22.074,0.002829
22.089,0.00349
22.121,0.002574
22.122,0.00321
22.152,0.003137
22.167,0.002844
22.198,0.002284
22.214,0.002435
22.229,0.003286
22.261,0.003068
22.261,0.003275
22.292,0.00271
22.308,0.003012
22.339,0.003149
22.355,0.003191
22.37,0.002558
22.385,0.002338
22.416,0.002673
22.432,0.003197
22.448,0.002203
22.479,0.002475
22.494,0.001949
22.51,0.00227
22.525,0.002707
22.557,0.002622
22.573,0.002916
22.589,0.004163
22.619,0.003099
22.636,0.003953
22.652,0.003786
22.667,0.003226
22.699,0.003585
22.714,0.00355
22.73,0.00402
22.746,0.003397
22.777,0.004143
22.793,0.003414
22.809,0.002724
22.841,0.003023
22.841,0.003897
22.871,0.004076
22.887,0.002777
22.918,0.003405
22.933,0.00274
22.949,0.002711
22.98,0.002892
22.98,0.003259
23.012,0.003004
23.027,0.002632
23.058,0.003027
23.073,0.002744
23.089,0.003646
23.119,0.003612
23.135,0.00781
23.151,0.010684
23.167,0.012505
23.199,0.009399
23.214,0.006906
23.229,0.006829
23.26,0.006078
23.275,0.005705
23.29,0.00776
23.306,0.008893
23.339,0.008525
23.353,0.00505
23.369,0.004742
23.4,0.003455
23.4,0.003425
23.431,0.003025
23.446,0.003647
23.478,0.003014
23.493,0.002261
23.509,0.002573
23.54,0.003675
23.54,0.00263
23.571,0.00263
23.586,0.002038
23.618,0.00253
23.633,0.002754
23.649,0.002989
23.68,0.002421
23.68,0.002082
23.711,0.002117
23.728,0.001777
23.759,0.001315
23.774,0.00187
23.789,0.001983
23.822,0.001982
23.823,0.003404
23.854,0.001686
23.87,0.002364
23.886,0.002568
23.917,0.002514
23.932,0.001623
23.948,0.00223
23.979,0.002275
23.995,0.002279
24.01,0.002167
24.026,0.001378
24.058,0.001875
24.074,0.002801
24.089,0.001787
24.12,0.00187
24.12,0.001374
24.151,0.001294
24.166,0.001332
24.197,0.00219
24.213,0.001658
24.229,0.002523
24.26,0.002986
24.26,0.001822
24.291,0.001672
24.307,0.002789
24.338,0.001879
24.353,0.00204
24.369,0.001963
24.4,0.003725
24.4,0.001482
24.431,0.001414
24.446,0.001493
24.477,0.002003
24.492,0.002583
24.509,0.003505
24.54,0.004701
24.54,0.003799
24.572,0.004334
24.587,0.006995
24.619,0.00646
24.635,0.009574
24.65,0.005463
24.665,0.003158
24.697,0.002504
24.712,0.002367
24.727,0.004284
24.758,0.004695
24.773,0.003145
24.789,0.002937
24.82,0.002332
24.82,0.002839
24.851,0.002537
24.867,0.002282
24.899,0.003534
24.914,0.003419
24.93,0.001781
24.945,0.001454
24.976,0.002182
24.992,0.002462
25.007,0.002467
25.039,0.003056
25.054,0.00269
25.069,0.004021
25.101,0.008012
25.102,0.008164
25.133,0.008676
25.149,0.010032
25.18,0.009446
25.18,0.009768
25.211,0.008173
25.228,0.009689
25.259,0.008919
25.275,0.005833
25.291,0.007884
25.306,0.006993
25.338,0.007591
25.353,0.009818
25.368,0.009719
25.399,0.010486
25.414,0.006021
25.43,0.006432
25.445,0.006266
25.477,0.00725
25.492,0.00737
25.509,0.006295
25.539,0.006323
25.555,0.010799
25.571,0.008197
25.587,0.005616
25.619,0.004262
25.634,0.005871
25.65,0.004792
25.666,0.005592
25.696,0.004584
25.712,0.007899
25.727,0.004834
25.759,0.005797
25.775,0.00623
25.79,0.006678
25.806,0.005418
25.837,0.006733
25.852,0.004791
25.867,0.004262
25.899,0.004378
25.914,0.004148
25.929,0.00377
25.96,0.006497
25.961,0.004596
25.991,0.007608
26.007,0.005692
26.039,0.004237
26.055,0.003343
26.071,0.004898
26.086,0.006122
26.118,0.006517
26.132,0.004663
26.148,0.004943
26.179,0.004833
26.194,0.005167
26.21,0.006029
26.226,0.005341
26.257,0.005236
26.273,0.00468
26.289,0.00412
26.32,0.003841
26.32,0.00377
26.35,0.004096
26.366,0.004738
26.399,0.005411
26.415,0.004297
26.43,0.004674
26.446,0.003911
26.476,0.005497
26.493,0.004189
26.509,0.004858
26.539,0.005315
26.555,0.004791
26.57,0.004438
26.586,0.003662
26.616,0.004915
26.633,0.004127
26.649,0.004661
26.68,0.003827
26.68,0.004633
26.711,0.003765
26.727,0.003668
26.758,0.004554
26.774,0.004048
26.789,0.003685
26.82,0.003273
26.82,0.003956
26.851,0.003174
26.867,0.003516
26.898,0.004541
26.913,0.0042
26.929,0.004471
26.96,0.003809
26.96,0.003999
26.99,0.00419
27.006,0.005047
27.036,0.00471
27.052,0.003443
27.068,0.003699
27.101,0.004215
27.101,0.005118
27.132,0.004277
27.148,0.004998
27.179,0.003525
27.195,0.003519
27.21,0.003742
27.225,0.00391
27.258,0.004156
27.274,0.004226
27.29,0.004367
27.321,0.004266
27.321,0.003821
27.352,0.003542
27.367,0.0036
27.399,0.003484
27.414,0.003395
27.429,0.004297
27.46,0.003936
27.461,0.003849
27.492,0.003447
27.508,0.003442
27.539,0.003517
27.554,0.003271
27.57,0.003286
27.6,0.003194
27.6,0.003375
27.631,0.00342
27.647,0.003316
27.679,0.003063
27.694,0.003647
27.71,0.003672
27.726,0.003803
27.757,0.004096
27.773,0.003898
27.789,0.003343
27.82,0.003429
27.821,0.003135
27.851,0.003127
27.867,0.003082
27.898,0.003086
27.913,0.003644
27.928,0.003742
27.959,0.003669
27.974,0.003692
27.99,0.003851
28.005,0.00307
28.036,0.003266
28.051,0.003283
28.068,0.003211
28.099,0.003218
28.114,0.00242
28.13,0.002366
28.146,0.002348
28.177,0.002488
28.193,0.003104
28.208,0.004408
28.24,0.003314
28.24,0.003508
28.271,0.003582
28.286,0.003194
28.318,0.003311
28.333,0.003772
28.349,0.004389
28.38,0.00399
28.381,0.00425
28.412,0.003863
28.428,0.003127
28.459,0.003206
28.475,0.003445
28.49,0.003579
28.506,0.002885
28.536,0.003416
28.552,0.003125
28.568,0.003079
28.599,0.002789
28.615,0.003341
28.63,0.003187
28.646,0.003194
28.677,0.00379
28.692,0.003535
28.708,0.003805
28.739,0.003784
28.754,0.004497
28.77,0.00353
28.785,0.004235
28.816,0.003219
28.831,0.002641
28.847,0.003323
28.879,0.003224
28.894,0.003418
28.91,0.002767
28.925,0.002773
28.957,0.003592
28.973,0.003323
28.989,0.00299
29.02,0.003277
29.02,0.00341
29.05,0.003714
29.066,0.003118
29.096,0.002961
29.113,0.003096
29.129,0.003132
29.159,0.003625
29.16,0.003276
29.192,0.003472
29.207,0.003679
29.238,0.003439
29.253,0.002789
29.269,0.003519
29.3,0.003279
29.3,0.003158
29.331,0.003152
29.346,0.002709
29.378,0.002903
29.393,0.002638
29.409,0.003512
29.441,0.002737
29.441,0.002794
29.473,0.002517
29.489,0.002645
29.519,0.002377
29.535,0.002641
29.549,0.00219
29.565,0.00237
29.596,0.00313
29.611,0.002332
29.627,0.001793
29.659,0.002226
29.674,0.002764
29.689,0.002278
29.72,0.002392
29.721,0.002174
29.751,0.002139
29.767,0.002071
29.798,0.002323
29.814,0.001804
29.83,0.002144
29.845,0.001938
29.876,0.002101
29.891,0.001647
29.908,0.001909
29.939,0.002203
29.94,0.002801
29.971,0.002243
29.987,0.001835
30.018,0.001668
30.033,0.001486
30.049,0.001766
30.08,0.001591
30.08,0.002247
30.112,0.002214
30.127,0.001393
30.159,0.00162
30.174,0.001798
30.189,0.002003
30.205,0.002222
30.236,0.001848
30.252,0.001981
30.267,0.001975
30.299,0.002124
30.314,0.001942
30.33,0.00223
30.346,0.002621
30.377,0.002616
30.393,0.002448
30.409,0.002672
30.44,0.002364
30.44,0.003088
30.47,0.001856
30.486,0.002147
30.519,0.00256
30.534,0.002222
30.55,0.00215
30.565,0.002231
30.597,0.002406
30.612,0.002125
30.628,0.002353
30.659,0.002278
30.674,0.002791
30.69,0.002488
30.706,0.002349
30.738,0.002742
30.754,0.00278
30.769,0.002564
30.8,0.002425
30.8,0.002445
30.832,0.002568
30.848,0.002893
30.878,0.003503
30.894,0.002968
30.909,0.003081
30.94,0.002968
30.94,0.003171
30.97,0.003551
30.986,0.003089
31.017,0.002884
31.032,0.002745
31.049,0.002625
31.08,0.003102
31.081,0.003109
31.112,0.003004
31.127,0.00272
31.159,0.003015
31.174,0.002822
31.19,0.002979
31.205,0.002807
31.237,0.003246
31.252,0.003671
31.267,0.003132
31.299,0.002723
31.314,0.003388
31.33,0.002848
31.345,0.002498
31.376,0.002272
31.392,0.002787
31.407,0.003256
31.439,0.003485
31.454,0.002939
31.47,0.003402
31.485,0.004004
31.516,0.004414
31.533,0.003387
31.548,0.003171
31.579,0.003516
31.58,0.003069
31.61,0.007206
31.626,0.009384
31.657,0.010065
31.673,0.011708
31.688,0.008167
31.72,0.005652
31.72,0.006283
31.751,0.006271
31.766,0.005981
31.797,0.00706
31.813,0.010473
31.829,0.004401
31.86,0.0055
31.86,0.004054
31.89,0.003536
31.906,0.002891
31.938,0.001939
31.953,0.002559
31.969,0.00216
32.001,0.00265
32.001,0.002367
32.033,0.001983
32.049,0.001709
32.079,0.001998
32.094,0.00157
32.11,0.001459
32.125,0.0019
32.156,0.001769
32.172,0.001517
32.188,0.001441
32.219,0.001446
32.234,0.001208
32.25,0.001553
32.265,0.001229
32.297,0.001183
32.313,0.001473
32.329,0.001477
32.359,0.001458
32.375,0.001271
32.39,0.001081
32.406,0.001211
32.438,0.001154
32.453,0.001026
32.468,0.000969
32.5,0.001509
32.5,0.001213
32.531,0.001237
32.546,0.00149
32.577,0.00131
32.593,0.001209
32.609,0.000985
32.64,0.000977
32.64,0.001093
32.672,0.000897
32.687,0.001389
32.718,0.001626
32.733,0.001253
32.75,0.001104
32.765,0.001083
32.795,0.001157
32.811,0.001222
32.826,0.001811
32.857,0.001059
32.873,0.00141
32.888,0.001542
32.92,0.001381
32.92,0.001255
32.951,0.001181
32.966,0.001184
32.999,0.001247
33.014,0.001431
33.03,0.001109
33.045,0.000951
33.076,0.001322
33.091,0.00116
33.107,0.001344
33.139,0.00152
33.154,0.001493
33.17,0.001317
33.186,0.00113
33.218,0.001349
33.233,0.001392
33.249,0.001327
33.28,0.001514
33.28,0.001284
33.311,0.001265
33.326,0.001406
33.358,0.001147
33.373,0.001287
33.389,0.001214
33.42,0.001306
33.42,0.001454
33.452,0.001626
33.467,0.001379
33.498,0.001649
33.514,0.001263
33.53,0.001604
33.546,0.001707
33.577,0.001672
33.592,0.001982
33.607,0.001619
33.64,0.001716
33.64,0.001291
33.669,0.001819
33.7,0.003276
33.7,0.001401
33.732,0.001323
33.747,0.001337
33.778,0.001234
33.794,0.001725
33.81,0.002168
33.826,0.001532
33.857,0.001571
33.872,0.001673
33.888,0.001505
33.92,0.00106
33.92,0.00148
33.95,0.001689
33.965,0.001508
33.997,0.001267
34.013,0.001447
34.028,0.001669
34.058,0.00158
34.074,0.001234
34.09,0.001352
34.105,0.001178
34.136,0.001349
34.151,0.001614
34.167,0.001238
34.198,0.001327
34.214,0.001267
34.23,0.001071
34.245,0.001246
34.277,0.001572
34.292,0.001777
34.309,0.001669
34.34,0.001873
34.34,0.001539
34.37,0.001232
34.386,0.001304
34.419,0.001393
34.435,0.001234
34.451,0.001447
34.468,0.00148
34.5,0.001496
34.5,0.001437
34.531,0.001388
34.546,0.00139
34.578,0.001261
34.594,0.001764
34.609,0.001596
34.64,0.001571
34.64,0.001904
34.672,0.001971
34.687,0.001747
34.718,0.001354
34.734,0.001455
34.75,0.001575
34.766,0.001609
34.797,0.00128
34.812,0.00122
34.827,0.001189
34.86,0.001165
34.86,0.001373
34.891,0.00134
34.908,0.001413
34.939,0.001322
34.954,0.001726
34.97,0.001386
34.986,0.00128
35.017,0.0013
35.033,0.00163
35.048,0.001683
35.08,0.00174
35.08,0.00168
35.111,0.001569
35.127,0.001398
35.158,0.001349
35.174,0.001538
35.19,0.001687
35.205,0.00149
35.237,0.001247
35.253,0.001023
35.269,0.001598
35.3,0.001386
35.3,0.001959
35.331,0.002269
35.347,0.001441
35.378,0.001898
35.394,0.00128
35.41,0.001506
35.425,0.00215
35.457,0.00179
35.473,0.002021
35.488,0.002004
35.52,0.002052
35.52,0.002103
35.55,0.002349
35.566,0.004179
35.599,0.002554
35.615,0.001758
35.63,0.002724
35.645,0.002937
35.676,0.001879
35.693,0.002079
35.709,0.004359
35.74,0.005696
35.741,0.003863
35.771,0.005153
35.787,0.004169
35.818,0.007936
35.835,0.007763
35.85,0.004468
35.866,0.003167
35.898,0.003682
35.913,0.007176
35.928,0.005634
35.959,0.005941
35.96,0.012314
35.991,0.013902
36.006,0.012703
36.039,0.011336
36.055,0.010916
36.071,0.006104
36.086,0.004647
36.117,0.004835
36.132,0.006249
36.149,0.005221
36.18,0.003756
36.18,0.003427
36.21,0.003054
36.226,0.003903
36.257,0.003317
36.273,0.002172
36.289,0.002847
36.32,0.0024
36.32,0.002364
36.351,0.002219
36.366,0.002868
36.397,0.003362
36.412,0.003642
36.428,0.003837
36.458,0.002037
36.475,0.002397
36.491,0.00147
36.506,0.001436
36.537,0.001501
36.553,0.001606
36.568,0.002224
36.599,0.00199
36.6,0.003003
36.631,0.003947
36.647,0.001916
36.679,0.00168
36.694,0.001483
36.71,0.001958
36.725,0.001864
36.755,0.002648
36.771,0.002124
36.786,0.002579
36.816,0.001728
36.833,0.001555
36.849,0.002213
36.88,0.002446
36.88,0.00171
36.91,0.001811
36.926,0.002295
36.958,0.001903
36.974,0.001602
36.99,0.002052
37.005,0.002261
37.036,0.001745
37.052,0.001268
37.068,0.001496
37.099,0.002112
37.115,0.001778
37.13,0.001799
37.145,0.001906
37.177,0.001651
37.193,0.00135
37.209,0.001318
37.239,0.00198
37.254,0.001995
37.27,0.001393
37.285,0.001186
37.316,0.001512
37.331,0.001572
37.347,0.000943
37.379,0.001225
37.394,0.001515
37.409,0.001731
37.426,0.001766
37.458,0.002124
37.473,0.001856
37.489,0.002102
37.519,0.002014
37.52,0.001956
37.551,0.001779
37.568,0.002165
37.598,0.001696
37.614,0.001456
37.629,0.001431
37.661,0.001503
37.661,0.001777
37.693,0.001762
37.709,0.001599
37.723,0.001691
37.754,0.001568
37.77,0.001865
37.785,0.001781
37.817,0.001566
37.833,0.001519
37.848,0.001529
37.879,0.001642
37.88,0.00171
37.91,0.001691
37.926,0.001533
37.956,0.001774
37.972,0.001403
37.988,0.001601
38.02,0.00169
38.02,0.001726
38.051,0.001473
38.066,0.00183
38.098,0.001838
38.114,0.001738
38.129,0.001887
38.145,0.002111
38.176,0.002083
38.192,0.002625
38.207,0.001941
38.239,0.001643
38.254,0.001588
38.271,0.001429
38.286,0.001448
38.317,0.001585
38.332,0.001522
38.348,0.00129
38.38,0.001321
38.38,0.001383
38.411,0.001323
38.426,0.001048
38.457,0.001117
38.473,0.001835
38.488,0.00181
38.52,0.001265
38.52,0.00136
38.551,0.001574
38.566,0.00139
38.598,0.001383
38.614,0.001145
38.628,0.001231
38.66,0.001582
38.66,0.001184
38.69,0.001356
38.706,0.001317
38.736,0.001384
38.751,0.001563
38.767,0.001913
38.798,0.00149
38.813,0.001578
38.83,0.001655
38.846,0.001524
38.876,0.001577
38.892,0.001362
38.908,0.001741
38.94,0.00181
38.94,0.001669
38.971,0.001423
38.986,0.001348
39.018,0.001235
39.034,0.001511
39.05,0.001614
39.065,0.00197
39.097,0.00158
39.113,0.001336
39.128,0.001261
39.16,0.00148
39.16,0.001644
39.19,0.001343
39.206,0.001711
39.236,0.001609
39.252,0.001649
39.268,0.001434
39.299,0.001263
39.3,0.001247
39.33,0.001439
39.346,0.001466
39.378,0.00159
39.394,0.001533
39.41,0.001924
39.425,0.00131
39.455,0.001343
39.47,0.001521
39.486,0.002161
39.516,0.001233
39.532,0.00173
39.547,0.001787
39.579,0.001588
39.594,0.001675
39.609,0.001665
39.625,0.001321
39.656,0.001617
39.672,0.001612
39.687,0.001591
39.718,0.001793
39.733,0.00168
39.749,0.00138
39.779,0.00143
39.78,0.001542
39.811,0.001215
39.827,0.001397
39.857,0.001746
39.872,0.001472
39.889,0.001398
39.921,0.001416
39.921,0.001149
39.952,0.001252
39.968,0.0014
39.999,0.001617
39.999,0.001505
40.03,0.001152
40.046,0.0013
40.076,0.00111
40.093,0.001285
40.109,0.001422
40.14,0.001279
40.14,0.00136
40.172,0.001495
40.187,0.001729
40.219,0.001254
40.22,0.001394
40.251,0.001557
40.266,0.001531
40.297,0.001329
40.313,0.001525
40.328,0.001525
40.36,0.001402
40.36,0.001585
40.391,0.001336
40.407,0.001292
40.439,0.001459
40.439,0.001497
40.47,0.001612
40.485,0.001475
40.516,0.00134
40.532,0.001471
40.547,0.001738
40.578,0.001917
40.593,0.001549
40.608,0.001349
40.639,0.001749
40.639,0.00147
40.671,0.001657
40.686,0.002449
40.716,0.00241
40.732,0.001944
40.749,0.002345
40.764,0.00262
40.795,0.002021
40.811,0.001275
40.826,0.00138
40.857,0.001457
40.872,0.002098
40.888,0.002083
40.918,0.002539
40.934,0.002501
40.95,0.002406
40.965,0.002654
40.996,0.002567
41.011,0.002645
41.026,0.002862
41.058,0.00272
41.074,0.002634
41.089,0.002709
41.105,0.0026
41.136,0.002669
41.151,0.002351
41.167,0.002461
41.197,0.002537
41.213,0.002105
41.229,0.002228
41.245,0.002332
41.276,0.001863
41.291,0.001987
41.307,0.001646
41.338,0.001652
41.354,0.001326
41.369,0.001622
41.401,0.001371
41.401,0.001358
41.431,0.001595
41.448,0.001437
41.478,0.001586
41.494,0.001305
41.51,0.001264
41.525,0.001252
41.556,0.001356
41.571,0.00135
41.587,0.001428
41.62,0.001547
41.62,0.001196
41.65,0.00141
41.665,0.001441
41.696,0.001387
41.712,0.001613
41.728,0.001285
41.759,0.0012
41.759,0.001383
41.79,0.001328
41.806,0.001614
41.836,0.001622
41.851,0.001575
41.867,0.00149
41.898,0.001297
41.914,0.001354
41.93,0.001492
41.944,0.001628
41.976,0.001708
41.991,0.001405
42.007,0.001436
42.039,0.001641
42.039,0.001728
42.07,0.001396
42.086,0.001749
42.117,0.001612
42.133,0.001588
42.148,0.001729
42.18,0.001392
42.18,0.001197
42.211,0.001401
42.226,0.001648
42.257,0.001763
42.273,0.001747
42.289,0.001639
42.305,0.0014
42.337,0.001573
42.353,0.001939
42.369,0.001603
42.4,0.001515
42.401,0.001523
42.431,0.001584
42.447,0.001462
42.478,0.001401
42.494,0.001517
42.51,0.001558
42.526,0.001679
42.557,0.001643
42.572,0.001579
42.588,0.001785
42.618,0.001595
42.634,0.001607
42.649,0.001973
42.665,0.001578
42.696,0.001435
42.712,0.001754
42.728,0.001571
42.758,0.001422
42.774,0.001356
42.79,0.001523
42.805,0.001756
42.837,0.001696
42.852,0.002479
42.868,0.001891
42.899,0.00131
42.9,0.00148
42.93,0.001555
42.946,0.001211
42.977,0.001534
42.993,0.001983
43.009,0.001928
43.025,0.001726
43.056,0.001342
43.072,0.001319
43.087,0.001345
43.118,0.001184
43.133,0.001264
43.148,0.001775
43.181,0.001377
43.181,0.00136
43.213,0.001525
43.228,0.001551
43.26,0.001293
43.26,0.001757
43.29,0.001967
43.305,0.001738
43.336,0.001321
43.351,0.001379
43.366,0.001462
43.398,0.001542
43.414,0.00155
43.43,0.00187
43.446,0.001492
43.477,0.00142
43.492,0.001281
43.508,0.001763
43.54,0.001803
43.54,0.001546
43.571,0.001382
43.586,0.00147
43.617,0.001581
43.633,0.001269
43.649,0.001528
43.665,0.00121
43.696,0.001312
43.711,0.001362
43.726,0.001445
43.758,0.001708
43.774,0.001613
43.789,0.001766
43.805,0.001828
43.835,0.001776
43.851,0.002152
43.866,0.001583
43.897,0.001839
43.913,0.001541
43.928,0.001365
43.959,0.001769
43.959,0.00145
43.991,0.001734
44.006,0.001713
44.037,0.001458
44.052,0.001452
44.068,0.001535
44.099,0.001943
44.115,0.001752
44.131,0.001666
44.146,0.001659
44.178,0.001466
44.194,0.00155
44.209,0.001726
44.225,0.00164
44.257,0.001859
44.273,0.001582
44.288,0.001816
44.318,0.001902
44.334,0.00176
44.349,0.001999
44.364,0.002308
44.396,0.002234
44.411,0.002155
44.426,0.00179
44.458,0.001547
44.473,0.001379
44.489,0.001771
44.505,0.001915
44.537,0.001953
44.554,0.001964
44.569,0.001812
44.585,0.001781
44.617,0.001747
44.633,0.001821
44.648,0.001461
44.68,0.00225
44.68,0.002006
44.71,0.001802
44.726,0.001451
44.757,0.001243
44.773,0.001299
44.788,0.001329
44.819,0.001435
44.819,0.001774
44.85,0.001965
44.866,0.002048
44.897,0.001782
44.913,0.001718
44.93,0.001924
44.945,0.00212
44.977,0.002081
44.992,0.002388
45.007,0.00212
45.038,0.002098
45.053,0.002065
45.07,0.001799
45.085,0.002196
45.116,0.001939
45.131,0.001453
45.147,0.001959
45.178,0.001568
45.193,0.001412
45.208,0.00151
45.24,0.001746
45.24,0.001635
45.271,0.001502
45.286,0.001794
45.317,0.001893
45.332,0.00182
45.347,0.001947
45.378,0.001648
45.394,0.001361
45.41,0.001658
45.426,0.001637
45.457,0.001429
45.473,0.001674
45.488,0.001591
45.52,0.001773
45.52,0.001809
45.552,0.001547
45.568,0.001407
45.598,0.001754
45.614,0.001717
45.63,0.001974
45.645,0.001714
45.675,0.001249
45.691,0.001403
45.707,0.00149
45.738,0.001847
45.753,0.001961
45.769,0.001529
45.785,0.00145
45.816,0.001599
45.831,0.001989
45.847,0.001901
45.877,0.001775
45.893,0.001665
45.908,0.001661
45.94,0.001721
45.94,0.002119
45.971,0.001973
45.986,0.00203
46.018,0.002203
46.034,0.002049
46.05,0.001871
46.065,0.001361
46.095,0.00144
46.111,0.001421
46.127,0.001387
46.158,0.001679
46.174,0.001384
46.19,0.001467
46.205,0.001453
46.237,0.001416
46.252,0.00142
46.268,0.001466
46.298,0.001564
46.314,0.001764
46.329,0.001832
46.345,0.001469
46.376,0.001428
46.392,0.00136
46.407,0.001425
46.438,0.001474
46.453,0.001338
46.469,0.001521
46.485,0.001395
46.516,0.001591
46.532,0.001744
46.548,0.001645
46.579,0.001676
46.58,0.001585
46.61,0.001513
46.625,0.001273
46.656,0.00128
46.672,0.001277
46.688,0.001132
46.719,0.001859
46.719,0.001607
46.751,0.001983
46.766,0.001883
46.797,0.001597
46.812,0.001496
46.827,0.00139
46.859,0.001617
46.859,0.001634
46.89,0.001557
46.906,0.001743
46.937,0.001252
46.953,0.001138
46.969,0.001181
46.985,0.001437
47.016,0.001175
47.032,0.001347
47.047,0.001347
47.078,0.001429
47.094,0.001391
47.109,0.001516
47.125,0.00146
47.156,0.001147
47.171,0.001291
47.187,0.001454
47.218,0.001771
47.234,0.001458
47.25,0.001345
47.265,0.001346
47.296,0.001471
47.312,0.001253
47.328,0.001273
47.358,0.001421
47.374,0.001472
47.39,0.001512
47.405,0.001408
47.437,0.001395
47.452,0.001197
47.468,0.001232
47.499,0.001262
47.5,0.001389
47.531,0.001419
47.545,0.001117
47.577,0.001105
47.593,0.001358
47.608,0.00125
47.639,0.001586
47.64,0.001444
47.67,0.001262
47.686,0.001119
47.718,0.001345
47.734,0.00117
47.75,0.001205
47.765,0.001343
47.797,0.001494
47.812,0.001043
47.828,0.001136
47.858,0.001181
47.873,0.001363
47.889,0.001261
47.905,0.001367
47.937,0.001647
47.952,0.001706
47.968,0.001518
47.999,0.001536
47.999,0.001359
48.031,0.001434
48.046,0.001394
48.077,0.001358
48.092,0.001474
48.108,0.001382
48.14,0.001479
48.14,0.001546
48.172,0.001601
48.189,0.001755
48.219,0.001716
48.22,0.001819
48.251,0.001878
48.266,0.002009
48.297,0.001817
48.312,0.001567
48.328,0.001486
48.359,0.001483
48.359,0.001694
48.389,0.001677
48.419,0.001774
48.42,0.001826
48.45,0.001588
48.466,0.001822
48.497,0.001889
48.514,0.002002
48.529,0.001835
48.545,0.002107
48.576,0.002199
48.592,0.001952
48.607,0.001993
48.64,0.001685
48.64,0.001449
48.671,0.001421
48.687,0.001517
48.719,0.001491
48.719,0.00171
48.749,0.001344
48.764,0.001599
48.796,0.001466
48.812,0.001496
48.828,0.001354
48.859,0.00149
48.859,0.001282
48.891,0.001855
48.907,0.001544
48.937,0.00133
48.953,0.001282
48.968,0.001206
48.999,0.001468
49.0,0.001189
49.03,0.001454
49.046,0.001429
49.076,0.001524
49.092,0.001489
49.106,0.00146
49.138,0.001613
49.154,0.001419
49.169,0.001558
49.185,0.001522
49.216,0.001551
49.232,0.001573
49.249,0.0014
49.28,0.001745
49.28,0.001493
49.311,0.001327
49.327,0.001368
49.358,0.001695
49.374,0.001792
49.389,0.001544
49.405,0.001505
49.435,0.001787
49.45,0.001732
49.465,0.001846
49.497,0.001374
49.512,0.001498
49.528,0.001585
49.56,0.001475
49.56,0.001494
49.59,0.001733
49.605,0.001672
49.636,0.001618
49.652,0.001628
49.668,0.001987
49.699,0.001832
49.7,0.001844
49.731,0.001408
49.746,0.001474
49.777,0.001606
49.792,0.002114
49.808,0.001512
49.84,0.001653
49.84,0.001378
49.872,0.001321
49.888,0.001929
49.919,0.001821
49.919,0.001785
49.95,0.001487
49.966,0.001343
49.998,0.002052
50.014,0.001911
50.03,0.001514
50.045,0.00175
50.075,0.002124
50.092,0.001799
50.107,0.001592
50.138,0.001702
50.153,0.001764
50.169,0.001574
50.185,0.001739
50.216,0.002405
50.232,0.001866
50.248,0.001889
50.279,0.001759
50.28,0.002149
50.31,0.00203
50.326,0.001754
50.357,0.001756
50.372,0.001689
50.387,0.001617
50.418,0.00191
50.434,0.001996
50.449,0.002387
50.464,0.002447
50.496,0.001781
50.511,0.002102
50.527,0.002306
50.558,0.002101
50.574,0.00175
50.589,0.001941
50.604,0.001747
50.636,0.001741
50.651,0.00173
50.666,0.001737
50.698,0.001925
50.713,0.001652
50.728,0.002002
50.76,0.002247
50.76,0.001895
50.792,0.001989
50.807,0.002095
50.838,0.002198
50.854,0.002091
50.869,0.001977
50.885,0.001637
50.916,0.001667
50.931,0.001857
50.946,0.001833
50.976,0.002031
50.992,0.002012
51.008,0.001961
51.039,0.00159
51.04,0.002124
51.07,0.002566
51.086,0.001906
51.116,0.001743
51.132,0.001769
51.148,0.002215
51.179,0.002528
51.179,0.002689
51.21,0.002433
51.226,0.001753
51.257,0.001671
51.273,0.002049
51.288,0.001833
51.318,0.002045
51.335,0.002176
51.35,0.002106
51.366,0.002289
51.396,0.002046
51.413,0.00219
51.428,0.002199
51.459,0.002026
51.459,0.001904
51.491,0.001989
51.506,0.002242
51.538,0.001982
51.554,0.002412
51.57,0.002359
51.585,0.002589
51.618,0.00272
51.634,0.002655
51.65,0.002572
51.666,0.00256
51.697,0.002532
51.712,0.002451
51.728,0.002373
51.759,0.002309
51.76,0.002206
51.791,0.002153
51.807,0.002212
51.838,0.002153
51.854,0.002369
51.869,0.002563
51.885,0.002499
51.917,0.002601
51.932,0.002316
51.948,0.001953
51.978,0.002109
51.994,0.002029
52.009,0.00185
52.025,0.001985
52.057,0.002326
52.073,0.002009
52.089,0.00228
52.104,0.002363
52.135,0.002273
52.151,0.002194
52.167,0.002042
52.198,0.00212
52.214,0.002032
52.23,0.002137
52.245,0.002492
52.277,0.002611
52.292,0.002342
52.307,0.002133
52.339,0.002321
52.34,0.003015
52.37,0.002929
52.386,0.002869
52.416,0.002744
52.432,0.002662
52.447,0.002091
52.478,0.002258
52.494,0.002279
52.51,0.002522
52.526,0.002619
52.557,0.00251
52.572,0.002064
52.588,0.002127
52.619,0.001981
52.62,0.002246
52.651,0.002604
52.667,0.001588
52.698,0.001531
52.713,0.001908
52.729,0.002329
52.744,0.002609
52.775,0.002249
52.791,0.002566
52.807,0.002478
52.838,0.002391
52.84,0.002287
52.869,0.002108
52.884,0.001889
52.915,0.001952
52.93,0.002078
52.946,0.00259
52.978,0.0024
52.994,0.002159
53.009,0.002189
53.024,0.002181
53.056,0.002268
53.071,0.002155
53.087,0.002543
53.118,0.002269
53.134,0.002002
53.149,0.00203
53.165,0.002194
53.196,0.001911
53.213,0.001933
53.228,0.001813
53.259,0.002031
53.259,0.001805
53.29,0.00187
53.305,0.002027
53.338,0.002249
53.353,0.00215
53.368,0.00231
53.4,0.002333
53.4,0.002565
53.431,0.002086
53.446,0.002332
53.477,0.002336
53.493,0.002506
53.508,0.001716
53.539,0.001941
53.539,0.001837
53.57,0.002343
53.586,0.00241
53.618,0.002233
53.633,0.002241
53.648,0.002371
53.679,0.002446
53.68,0.002073
53.71,0.001848
53.725,0.001901
53.757,0.001834
53.772,0.001635
53.788,0.001533
53.819,0.002066
53.82,0.001736
53.851,0.002034
53.867,0.001852
53.898,0.002196
53.913,0.002341
53.929,0.002603
53.944,0.002871
53.976,0.0027
53.991,0.002546
54.007,0.002516
54.038,0.002481
54.054,0.002573
54.07,0.002426
54.085,0.002486
54.116,0.002423
54.132,0.00274
54.148,0.002827
54.179,0.002615
54.179,0.002392
54.209,0.002417
54.224,0.002472
54.255,0.002512
54.271,0.002526
54.286,0.00255
54.317,0.002485
54.333,0.002425
54.348,0.002352
54.363,0.002162
54.394,0.002377
54.409,0.002606
54.425,0.002523
54.457,0.00277
54.472,0.002482
54.488,0.002323
54.519,0.002482
54.52,0.002178
54.551,0.002622
54.566,0.002746
54.598,0.002084
54.614,0.002032
54.629,0.002295
54.644,0.002386
54.675,0.002105
54.691,0.002176
54.707,0.002005
54.738,0.002787
54.754,0.003207
54.769,0.002555
54.784,0.001984
54.816,0.00267
54.831,0.002636
54.846,0.002789
54.876,0.002494
54.892,0.0017
54.908,0.001685
54.94,0.002339
54.94,0.002106
54.971,0.001518
54.987,0.002354
55.018,0.002614
55.033,0.002496
55.049,0.002035
55.065,0.0023
55.096,0.002545
55.112,0.00247
55.127,0.002682
55.158,0.002112
55.172,0.00194
55.188,0.001893
55.219,0.002201
55.219,0.002705
55.25,0.002799
55.265,0.002996
55.297,0.002924
55.312,0.002755
55.328,0.002921
55.359,0.002759
55.36,0.002669
55.39,0.002869
55.406,0.003165
55.438,0.00316
55.453,0.003308
55.469,0.00326
55.485,0.003195
55.516,0.003185
55.531,0.002734
55.547,0.002433
55.578,0.002594
55.593,0.002902
55.608,0.002946
55.639,0.002543
55.639,0.002458
55.67,0.002633
55.685,0.002236
55.717,0.002662
55.733,0.002974
55.749,0.002742
55.764,0.003154
55.795,0.002467
55.812,0.002297
55.826,0.002155
55.858,0.002665
55.874,0.002246
55.889,0.002455
55.904,0.002913
55.935,0.002984
55.951,0.002829
55.966,0.002917
55.997,0.00233
56.012,0.002808
56.028,0.002561
56.059,0.00215
56.059,0.002221
56.089,0.0028
56.105,0.002592
56.136,0.002423
56.152,0.00289
56.167,0.002349
56.198,0.002628
56.213,0.002988
56.229,0.003335
56.245,0.003021
56.276,0.002894
56.291,0.002596
56.307,0.00258
56.339,0.002918
56.339,0.003106
56.37,0.003051
56.386,0.003388
56.418,0.00321
56.435,0.002843
56.451,0.00227
56.466,0.002124
56.498,0.002078
56.513,0.002371
56.529,0.002276
56.545,0.002764
56.577,0.003005
56.592,0.002515
56.608,0.002662
56.639,0.002713
56.639,0.002444
56.67,0.002615
56.685,0.002464
56.717,0.002677
56.732,0.002213
56.747,0.002328
56.778,0.002696
56.794,0.002769
56.809,0.002983
56.825,0.002546
56.855,0.002543
56.87,0.002382
56.886,0.002453
56.917,0.00242
56.932,0.002466
56.948,0.002638
56.979,0.002305
56.979,0.002437
57.011,0.002577
57.027,0.00267
57.058,0.002549
57.074,0.002553
57.089,0.002517
57.104,0.002331
57.134,0.002522
57.15,0.002278
57.165,0.002525
57.196,0.002638
57.213,0.00263
57.228,0.002563
57.259,0.002136
57.259,0.002373
57.29,0.002312
57.305,0.002672
57.336,0.002671
57.352,0.002741
57.368,0.002336
57.399,0.00246
57.4,0.002386
57.43,0.002094
57.445,0.002223
57.476,0.002176
57.492,0.002132
57.508,0.002108
57.539,0.002588
57.54,0.002271
57.57,0.001902
57.586,0.001999
57.618,0.002009
57.633,0.001987
57.649,0.001931
57.664,0.001873
57.696,0.001811
57.711,0.001664
57.727,0.001713
57.758,0.001903
57.773,0.001717
57.789,0.001569
57.805,0.001868
57.837,0.001959
57.853,0.001976
57.868,0.001903
57.899,0.001999
57.899,0.00198
57.929,0.001905
57.944,0.00181
57.977,0.001711
57.992,0.001737
58.008,0.001921
58.039,0.001738
58.04,0.001732
58.07,0.001607
58.085,0.001711
58.117,0.001481
58.133,0.001276
58.148,0.001304
58.179,0.001437
58.179,0.001808
58.21,0.001721
58.225,0.001306
58.257,0.001598
58.272,0.001738
58.288,0.001801
58.32,0.001635
58.32,0.001184
58.351,0.001275
58.366,0.001546
58.398,0.001287
58.413,0.001326
58.429,0.001573
58.444,0.001735
58.475,0.001834
58.491,0.001662
58.506,0.001588
58.538,0.001411
58.554,0.001517
58.57,0.001286
58.585,0.001368
58.617,0.001418
58.632,0.001896
58.648,0.001538
58.679,0.001349
58.679,0.001425
58.71,0.001237
58.725,0.001478
58.756,0.001379
58.772,0.001379
58.788,0.001559
58.819,0.001295
58.819,0.00134
58.849,0.001412
58.865,0.001211
58.895,0.001254
58.912,0.001148
58.928,0.00149
58.96,0.001777
58.961,0.001328
58.991,0.001077
59.006,0.00129
59.038,0.001108
59.053,0.001167
59.069,0.001174
59.084,0.001301
59.116,0.001282
59.131,0.00144
59.147,0.001246
59.176,0.001427
59.192,0.001315
59.208,0.001242
59.239,0.0011
59.239,0.001097
59.27,0.001302
59.285,0.001359
59.317,0.001319
59.332,0.001418
59.348,0.0014
59.363,0.001366
59.395,0.00115
59.41,0.001327
59.426,0.00146
59.458,0.001454
59.474,0.001923
59.489,0.001935
59.504,0.001345
59.536,0.001344
59.552,0.001125
59.568,0.001303
59.599,0.001175
59.599,0.001307
59.63,0.00116
59.645,0.001429
59.676,0.001672
59.691,0.001442
59.707,0.001452
59.737,0.001325
59.754,0.001459
59.769,0.001506
59.785,0.002522
59.816,0.002246
59.832,0.00133
59.849,0.001466
59.864,0.001557
59.895,0.001401
59.911,0.001654
59.926,0.002004
59.956,0.002005
59.972,0.001519
59.988,0.001553
60.02,0.001714
60.02,0.001767
60.051,0.001814
60.067,0.001216
60.098,0.001519
60.113,0.001251
60.129,0.001216
60.144,0.001504
60.175,0.001344
60.19,0.001486
60.206,0.00129
60.238,0.001677
60.254,0.00148
60.269,0.001314
60.285,0.001316
60.316,0.001365
60.332,0.001343
60.348,0.001064
60.378,0.001323
60.394,0.001506
60.41,0.001318
60.425,0.001069
60.457,0.001138
60.472,0.001237
60.488,0.001281
60.519,0.00139
60.519,0.001372
60.55,0.001296
60.565,0.001357
60.597,0.001162
60.612,0.001231
60.628,0.000989
60.659,0.001063
60.659,0.001403
60.69,0.001258
60.705,0.001513
60.738,0.001226
60.753,0.001208
60.769,0.001475
60.785,0.001329
60.816,0.001682
60.832,0.001275
60.848,0.001236
60.879,0.00144
60.879,0.001337
60.911,0.001115
60.927,0.001053
60.958,0.001274
60.974,0.001246
60.989,0.001291
61.004,0.001532
61.036,0.001621
61.051,0.001737
61.066,0.001434
61.098,0.001745
61.114,0.002188
61.129,0.001462
61.144,0.001547
61.174,0.001339
61.19,0.001571
61.205,0.001764
61.235,0.001569
61.25,0.001442
61.267,0.001427
61.298,0.001565
61.313,0.001505
61.329,0.001533
61.344,0.001471
61.375,0.001573
61.39,0.002192
61.406,0.00185
61.437,0.002081
61.453,0.002296
61.469,0.002233
61.485,0.002344
61.516,0.001984
61.532,0.002007
61.548,0.002349
61.579,0.002331
61.579,0.002115
61.61,0.001998
61.625,0.001769
61.656,0.001754
61.672,0.001672
61.688,0.001757
61.719,0.001633
61.719,0.001929
61.749,0.001729
61.765,0.001874
61.796,0.002029
61.812,0.001829
61.828,0.00177
61.859,0.00178
61.859,0.001893
61.89,0.001966
61.906,0.002152
61.938,0.002274
61.952,0.002374
61.968,0.002377
61.999,0.002412
62.0,0.002342
62.03,0.002114
